{ "frames": {
   "Attack 2 0.aseprite": {
    "frame": { "x": 0, "y": 0, "w": 32, "h": 32 },
    "rotated": false,
    "trimmed": false,
    "spriteSourceSize": { "x": 0, "y": 0, "w": 32, "h": 32 },
    "sourceSize": { "w": 32, "h": 32 },
    "duration": 100
   },
   "Attack 2 1.aseprite": {
    "frame": { "x": 32, "y": 0, "w": 32, "h": 32 },
    "rotated": false,
    "trimmed": false,
    "spriteSourceSize": { "x": 0, "y": 0, "w": 32, "h": 32 },
    "sourceSize": { "w": 32, "h": 32 },
    "duration": 150
   },
   "Attack 2 2.aseprite": {
    "frame": { "x": 64, "y": 0, "w": 32, "h": 32 },
    "rotated": false,
    "trimmed": false,
    "spriteSourceSize": { "x": 0, "y": 0, "w": 32, "h": 32 },
    "sourceSize": { "w": 32, "h": 32 },
    "duration": 100
   }
 },
 "meta": {
  "app": "https://www.aseprite.org/",
  "version": "1.3.13-x64",
  "format": "RGBA8888",
  "size": { "w": 96, "h": 32 },
  "scale": "1",
  "frameTags": [
  ],
  "slices": [
  ]
 }
}
