{ "frames": {
   "Attack 0.aseprite": {
    "frame": { "x": 0, "y": 0, "w": 64, "h": 32 },
    "rotated": false,
    "trimmed": false,
    "spriteSourceSize": { "x": 0, "y": 0, "w": 64, "h": 32 },
    "sourceSize": { "w": 64, "h": 32 },
    "duration": 75
   },
   "Attack 1.aseprite": {
    "frame": { "x": 64, "y": 0, "w": 64, "h": 32 },
    "rotated": false,
    "trimmed": false,
    "spriteSourceSize": { "x": 0, "y": 0, "w": 64, "h": 32 },
    "sourceSize": { "w": 64, "h": 32 },
    "duration": 75
   },
   "Attack 2.aseprite": {
    "frame": { "x": 128, "y": 0, "w": 64, "h": 32 },
    "rotated": false,
    "trimmed": false,
    "spriteSourceSize": { "x": 0, "y": 0, "w": 64, "h": 32 },
    "sourceSize": { "w": 64, "h": 32 },
    "duration": 75
   },
   "Attack 3.aseprite": {
    "frame": { "x": 192, "y": 0, "w": 64, "h": 32 },
    "rotated": false,
    "trimmed": false,
    "spriteSourceSize": { "x": 0, "y": 0, "w": 64, "h": 32 },
    "sourceSize": { "w": 64, "h": 32 },
    "duration": 75
   },
   "Attack 4.aseprite": {
    "frame": { "x": 0, "y": 32, "w": 64, "h": 32 },
    "rotated": false,
    "trimmed": false,
    "spriteSourceSize": { "x": 0, "y": 0, "w": 64, "h": 32 },
    "sourceSize": { "w": 64, "h": 32 },
    "duration": 75
   },
   "Attack 5.aseprite": {
    "frame": { "x": 64, "y": 32, "w": 64, "h": 32 },
    "rotated": false,
    "trimmed": false,
    "spriteSourceSize": { "x": 0, "y": 0, "w": 64, "h": 32 },
    "sourceSize": { "w": 64, "h": 32 },
    "duration": 75
   },
   "Attack 6.aseprite": {
    "frame": { "x": 128, "y": 32, "w": 64, "h": 32 },
    "rotated": false,
    "trimmed": false,
    "spriteSourceSize": { "x": 0, "y": 0, "w": 64, "h": 32 },
    "sourceSize": { "w": 64, "h": 32 },
    "duration": 150
   },
   "Attack 7.aseprite": {
    "frame": { "x": 192, "y": 32, "w": 64, "h": 32 },
    "rotated": false,
    "trimmed": false,
    "spriteSourceSize": { "x": 0, "y": 0, "w": 64, "h": 32 },
    "sourceSize": { "w": 64, "h": 32 },
    "duration": 50
   },
   "Attack 8.aseprite": {
    "frame": { "x": 0, "y": 64, "w": 64, "h": 32 },
    "rotated": false,
    "trimmed": false,
    "spriteSourceSize": { "x": 0, "y": 0, "w": 64, "h": 32 },
    "sourceSize": { "w": 64, "h": 32 },
    "duration": 150
   },
   "Attack 9.aseprite": {
    "frame": { "x": 64, "y": 64, "w": 64, "h": 32 },
    "rotated": false,
    "trimmed": false,
    "spriteSourceSize": { "x": 0, "y": 0, "w": 64, "h": 32 },
    "sourceSize": { "w": 64, "h": 32 },
    "duration": 75
   },
   "Attack 10.aseprite": {
    "frame": { "x": 128, "y": 64, "w": 64, "h": 32 },
    "rotated": false,
    "trimmed": false,
    "spriteSourceSize": { "x": 0, "y": 0, "w": 64, "h": 32 },
    "sourceSize": { "w": 64, "h": 32 },
    "duration": 75
   },
   "Attack 11.aseprite": {
    "frame": { "x": 128, "y": 64, "w": 64, "h": 32 },
    "rotated": false,
    "trimmed": false,
    "spriteSourceSize": { "x": 0, "y": 0, "w": 64, "h": 32 },
    "sourceSize": { "w": 64, "h": 32 },
    "duration": 75
   },
   "Attack 12.aseprite": {
    "frame": { "x": 192, "y": 64, "w": 64, "h": 32 },
    "rotated": false,
    "trimmed": false,
    "spriteSourceSize": { "x": 0, "y": 0, "w": 64, "h": 32 },
    "sourceSize": { "w": 64, "h": 32 },
    "duration": 75
   },
   "Attack 13.aseprite": {
    "frame": { "x": 0, "y": 96, "w": 64, "h": 32 },
    "rotated": false,
    "trimmed": false,
    "spriteSourceSize": { "x": 0, "y": 0, "w": 64, "h": 32 },
    "sourceSize": { "w": 64, "h": 32 },
    "duration": 75
   }
 },
 "meta": {
  "app": "https://www.aseprite.org/",
  "version": "1.3.13-x64",
  "format": "RGBA8888",
  "size": { "w": 256, "h": 128 },
  "scale": "1",
  "frameTags": [
  ],
  "slices": [
  ]
 }
}
