{ "frames": {
   "Jump 0.aseprite": {
    "frame": { "x": 0, "y": 0, "w": 32, "h": 64 },
    "rotated": false,
    "trimmed": false,
    "spriteSourceSize": { "x": 0, "y": 0, "w": 32, "h": 64 },
    "sourceSize": { "w": 32, "h": 64 },
    "duration": 150
   },
   "Jump 1.aseprite": {
    "frame": { "x": 32, "y": 0, "w": 32, "h": 64 },
    "rotated": false,
    "trimmed": false,
    "spriteSourceSize": { "x": 0, "y": 0, "w": 32, "h": 64 },
    "sourceSize": { "w": 32, "h": 64 },
    "duration": 100
   },
   "Jump 2.aseprite": {
    "frame": { "x": 64, "y": 0, "w": 32, "h": 64 },
    "rotated": false,
    "trimmed": false,
    "spriteSourceSize": { "x": 0, "y": 0, "w": 32, "h": 64 },
    "sourceSize": { "w": 32, "h": 64 },
    "duration": 250
   },
   "Jump 3.aseprite": {
    "frame": { "x": 96, "y": 0, "w": 32, "h": 64 },
    "rotated": false,
    "trimmed": false,
    "spriteSourceSize": { "x": 0, "y": 0, "w": 32, "h": 64 },
    "sourceSize": { "w": 32, "h": 64 },
    "duration": 75
   },
   "Jump 4.aseprite": {
    "frame": { "x": 0, "y": 64, "w": 32, "h": 64 },
    "rotated": false,
    "trimmed": false,
    "spriteSourceSize": { "x": 0, "y": 0, "w": 32, "h": 64 },
    "sourceSize": { "w": 32, "h": 64 },
    "duration": 75
   },
   "Jump 5.aseprite": {
    "frame": { "x": 32, "y": 64, "w": 32, "h": 64 },
    "rotated": false,
    "trimmed": false,
    "spriteSourceSize": { "x": 0, "y": 0, "w": 32, "h": 64 },
    "sourceSize": { "w": 32, "h": 64 },
    "duration": 75
   },
   "Jump 6.aseprite": {
    "frame": { "x": 64, "y": 64, "w": 32, "h": 64 },
    "rotated": false,
    "trimmed": false,
    "spriteSourceSize": { "x": 0, "y": 0, "w": 32, "h": 64 },
    "sourceSize": { "w": 32, "h": 64 },
    "duration": 75
   },
   "Jump 7.aseprite": {
    "frame": { "x": 96, "y": 64, "w": 32, "h": 64 },
    "rotated": false,
    "trimmed": false,
    "spriteSourceSize": { "x": 0, "y": 0, "w": 32, "h": 64 },
    "sourceSize": { "w": 32, "h": 64 },
    "duration": 75
   },
   "Jump 8.aseprite": {
    "frame": { "x": 0, "y": 128, "w": 32, "h": 64 },
    "rotated": false,
    "trimmed": false,
    "spriteSourceSize": { "x": 0, "y": 0, "w": 32, "h": 64 },
    "sourceSize": { "w": 32, "h": 64 },
    "duration": 75
   },
   "Jump 9.aseprite": {
    "frame": { "x": 32, "y": 128, "w": 32, "h": 64 },
    "rotated": false,
    "trimmed": false,
    "spriteSourceSize": { "x": 0, "y": 0, "w": 32, "h": 64 },
    "sourceSize": { "w": 32, "h": 64 },
    "duration": 75
   },
   "Jump 10.aseprite": {
    "frame": { "x": 64, "y": 128, "w": 32, "h": 64 },
    "rotated": false,
    "trimmed": false,
    "spriteSourceSize": { "x": 0, "y": 0, "w": 32, "h": 64 },
    "sourceSize": { "w": 32, "h": 64 },
    "duration": 75
   },
   "Jump 11.aseprite": {
    "frame": { "x": 96, "y": 128, "w": 32, "h": 64 },
    "rotated": false,
    "trimmed": false,
    "spriteSourceSize": { "x": 0, "y": 0, "w": 32, "h": 64 },
    "sourceSize": { "w": 32, "h": 64 },
    "duration": 100
   },
   "Jump 12.aseprite": {
    "frame": { "x": 64, "y": 0, "w": 32, "h": 64 },
    "rotated": false,
    "trimmed": false,
    "spriteSourceSize": { "x": 0, "y": 0, "w": 32, "h": 64 },
    "sourceSize": { "w": 32, "h": 64 },
    "duration": 150
   },
   "Jump 13.aseprite": {
    "frame": { "x": 0, "y": 192, "w": 32, "h": 64 },
    "rotated": false,
    "trimmed": false,
    "spriteSourceSize": { "x": 0, "y": 0, "w": 32, "h": 64 },
    "sourceSize": { "w": 32, "h": 64 },
    "duration": 150
   },
   "Jump 14.aseprite": {
    "frame": { "x": 32, "y": 192, "w": 32, "h": 64 },
    "rotated": false,
    "trimmed": false,
    "spriteSourceSize": { "x": 0, "y": 0, "w": 32, "h": 64 },
    "sourceSize": { "w": 32, "h": 64 },
    "duration": 150
   },
   "Jump 15.aseprite": {
    "frame": { "x": 0, "y": 192, "w": 32, "h": 64 },
    "rotated": false,
    "trimmed": false,
    "spriteSourceSize": { "x": 0, "y": 0, "w": 32, "h": 64 },
    "sourceSize": { "w": 32, "h": 64 },
    "duration": 150
   }
 },
 "meta": {
  "app": "https://www.aseprite.org/",
  "version": "1.3.13-x64",
  "format": "RGBA8888",
  "size": { "w": 128, "h": 256 },
  "scale": "1",
  "frameTags": [
  ],
  "slices": [
  ]
 }
}
