{ "frames": {
   "Walk 1 0.aseprite": {
    "frame": { "x": 1, "y": 1, "w": 26, "h": 18 },
    "rotated": false,
    "trimmed": true,
    "spriteSourceSize": { "x": 5, "y": 10, "w": 22, "h": 14 },
    "sourceSize": { "w": 32, "h": 32 },
    "duration": 200
   },
   "Walk 1 1.aseprite": {
    "frame": { "x": 29, "y": 1, "w": 26, "h": 18 },
    "rotated": false,
    "trimmed": true,
    "spriteSourceSize": { "x": 5, "y": 10, "w": 22, "h": 14 },
    "sourceSize": { "w": 32, "h": 32 },
    "duration": 75
   },
   "Walk 1 2.aseprite": {
    "frame": { "x": 57, "y": 1, "w": 26, "h": 18 },
    "rotated": false,
    "trimmed": true,
    "spriteSourceSize": { "x": 5, "y": 10, "w": 22, "h": 14 },
    "sourceSize": { "w": 32, "h": 32 },
    "duration": 200
   },
   "Walk 1 3.aseprite": {
    "frame": { "x": 85, "y": 1, "w": 26, "h": 18 },
    "rotated": false,
    "trimmed": true,
    "spriteSourceSize": { "x": 5, "y": 10, "w": 22, "h": 14 },
    "sourceSize": { "w": 32, "h": 32 },
    "duration": 75
   }
 },
 "meta": {
  "app": "https://www.aseprite.org/",
  "version": "1.3.13-x64",
  "format": "RGBA8888",
  "size": { "w": 112, "h": 20 },
  "scale": "1",
  "frameTags": [
  ],
  "slices": [
  ]
 }
}
