{ "frames": {
   "Death 0.aseprite": {
    "frame": { "x": 0, "y": 0, "w": 218, "h": 111 },
    "rotated": false,
    "trimmed": false,
    "spriteSourceSize": { "x": 0, "y": 0, "w": 218, "h": 111 },
    "sourceSize": { "w": 218, "h": 111 },
    "duration": 50
   },
   "Death 1.aseprite": {
    "frame": { "x": 218, "y": 0, "w": 218, "h": 111 },
    "rotated": false,
    "trimmed": false,
    "spriteSourceSize": { "x": 0, "y": 0, "w": 218, "h": 111 },
    "sourceSize": { "w": 218, "h": 111 },
    "duration": 100
   },
   "Death 2.aseprite": {
    "frame": { "x": 436, "y": 0, "w": 218, "h": 111 },
    "rotated": false,
    "trimmed": false,
    "spriteSourceSize": { "x": 0, "y": 0, "w": 218, "h": 111 },
    "sourceSize": { "w": 218, "h": 111 },
    "duration": 100
   },
   "Death 3.aseprite": {
    "frame": { "x": 654, "y": 0, "w": 218, "h": 111 },
    "rotated": false,
    "trimmed": false,
    "spriteSourceSize": { "x": 0, "y": 0, "w": 218, "h": 111 },
    "sourceSize": { "w": 218, "h": 111 },
    "duration": 100
   },
   "Death 4.aseprite": {
    "frame": { "x": 0, "y": 111, "w": 218, "h": 111 },
    "rotated": false,
    "trimmed": false,
    "spriteSourceSize": { "x": 0, "y": 0, "w": 218, "h": 111 },
    "sourceSize": { "w": 218, "h": 111 },
    "duration": 100
   },
   "Death 5.aseprite": {
    "frame": { "x": 218, "y": 111, "w": 218, "h": 111 },
    "rotated": false,
    "trimmed": false,
    "spriteSourceSize": { "x": 0, "y": 0, "w": 218, "h": 111 },
    "sourceSize": { "w": 218, "h": 111 },
    "duration": 100
   },
   "Death 6.aseprite": {
    "frame": { "x": 436, "y": 111, "w": 218, "h": 111 },
    "rotated": false,
    "trimmed": false,
    "spriteSourceSize": { "x": 0, "y": 0, "w": 218, "h": 111 },
    "sourceSize": { "w": 218, "h": 111 },
    "duration": 125
   },
   "Death 7.aseprite": {
    "frame": { "x": 654, "y": 111, "w": 218, "h": 111 },
    "rotated": false,
    "trimmed": false,
    "spriteSourceSize": { "x": 0, "y": 0, "w": 218, "h": 111 },
    "sourceSize": { "w": 218, "h": 111 },
    "duration": 125
   },
   "Death 8.aseprite": {
    "frame": { "x": 0, "y": 222, "w": 218, "h": 111 },
    "rotated": false,
    "trimmed": false,
    "spriteSourceSize": { "x": 0, "y": 0, "w": 218, "h": 111 },
    "sourceSize": { "w": 218, "h": 111 },
    "duration": 75
   },
   "Death 9.aseprite": {
    "frame": { "x": 218, "y": 222, "w": 218, "h": 111 },
    "rotated": false,
    "trimmed": false,
    "spriteSourceSize": { "x": 0, "y": 0, "w": 218, "h": 111 },
    "sourceSize": { "w": 218, "h": 111 },
    "duration": 75
   },
   "Death 10.aseprite": {
    "frame": { "x": 436, "y": 222, "w": 218, "h": 111 },
    "rotated": false,
    "trimmed": false,
    "spriteSourceSize": { "x": 0, "y": 0, "w": 218, "h": 111 },
    "sourceSize": { "w": 218, "h": 111 },
    "duration": 75
   },
   "Death 11.aseprite": {
    "frame": { "x": 654, "y": 222, "w": 218, "h": 111 },
    "rotated": false,
    "trimmed": false,
    "spriteSourceSize": { "x": 0, "y": 0, "w": 218, "h": 111 },
    "sourceSize": { "w": 218, "h": 111 },
    "duration": 75
   },
   "Death 12.aseprite": {
    "frame": { "x": 0, "y": 333, "w": 218, "h": 111 },
    "rotated": false,
    "trimmed": false,
    "spriteSourceSize": { "x": 0, "y": 0, "w": 218, "h": 111 },
    "sourceSize": { "w": 218, "h": 111 },
    "duration": 75
   },
   "Death 13.aseprite": {
    "frame": { "x": 218, "y": 333, "w": 218, "h": 111 },
    "rotated": false,
    "trimmed": false,
    "spriteSourceSize": { "x": 0, "y": 0, "w": 218, "h": 111 },
    "sourceSize": { "w": 218, "h": 111 },
    "duration": 500
   }
 },
 "meta": {
  "app": "https://www.aseprite.org/",
  "version": "1.3.13-x64",
  "image": "Death.png",
  "format": "RGBA8888",
  "size": { "w": 872, "h": 444 },
  "scale": "1",
  "frameTags": [
  ],
  "layers": [
   { "name": "King Slime", "opacity": 255, "blendMode": "normal" },
   { "name": "Crown", "opacity": 255, "blendMode": "normal" },
   { "name": "Filtro", "opacity": 128, "blendMode": "normal" }
  ],
  "slices": [
  ]
 }
}
