{ "frames": {
   "Explosion Back Attack 0.aseprite": {
    "frame": { "x": 0, "y": 0, "w": 96, "h": 64 },
    "rotated": false,
    "trimmed": false,
    "spriteSourceSize": { "x": 0, "y": 0, "w": 96, "h": 64 },
    "sourceSize": { "w": 96, "h": 64 },
    "duration": 75
   },
   "Explosion Back Attack 1.aseprite": {
    "frame": { "x": 96, "y": 0, "w": 96, "h": 64 },
    "rotated": false,
    "trimmed": false,
    "spriteSourceSize": { "x": 0, "y": 0, "w": 96, "h": 64 },
    "sourceSize": { "w": 96, "h": 64 },
    "duration": 75
   },
   "Explosion Back Attack 2.aseprite": {
    "frame": { "x": 192, "y": 0, "w": 96, "h": 64 },
    "rotated": false,
    "trimmed": false,
    "spriteSourceSize": { "x": 0, "y": 0, "w": 96, "h": 64 },
    "sourceSize": { "w": 96, "h": 64 },
    "duration": 75
   },
   "Explosion Back Attack 3.aseprite": {
    "frame": { "x": 288, "y": 0, "w": 96, "h": 64 },
    "rotated": false,
    "trimmed": false,
    "spriteSourceSize": { "x": 0, "y": 0, "w": 96, "h": 64 },
    "sourceSize": { "w": 96, "h": 64 },
    "duration": 60
   },
   "Explosion Back Attack 4.aseprite": {
    "frame": { "x": 0, "y": 64, "w": 96, "h": 64 },
    "rotated": false,
    "trimmed": false,
    "spriteSourceSize": { "x": 0, "y": 0, "w": 96, "h": 64 },
    "sourceSize": { "w": 96, "h": 64 },
    "duration": 60
   },
   "Explosion Back Attack 5.aseprite": {
    "frame": { "x": 96, "y": 64, "w": 96, "h": 64 },
    "rotated": false,
    "trimmed": false,
    "spriteSourceSize": { "x": 0, "y": 0, "w": 96, "h": 64 },
    "sourceSize": { "w": 96, "h": 64 },
    "duration": 60
   },
   "Explosion Back Attack 6.aseprite": {
    "frame": { "x": 192, "y": 64, "w": 96, "h": 64 },
    "rotated": false,
    "trimmed": false,
    "spriteSourceSize": { "x": 0, "y": 0, "w": 96, "h": 64 },
    "sourceSize": { "w": 96, "h": 64 },
    "duration": 60
   },
   "Explosion Back Attack 7.aseprite": {
    "frame": { "x": 288, "y": 64, "w": 96, "h": 64 },
    "rotated": false,
    "trimmed": false,
    "spriteSourceSize": { "x": 0, "y": 0, "w": 96, "h": 64 },
    "sourceSize": { "w": 96, "h": 64 },
    "duration": 60
   },
   "Explosion Back Attack 8.aseprite": {
    "frame": { "x": 0, "y": 128, "w": 96, "h": 64 },
    "rotated": false,
    "trimmed": false,
    "spriteSourceSize": { "x": 0, "y": 0, "w": 96, "h": 64 },
    "sourceSize": { "w": 96, "h": 64 },
    "duration": 60
   },
   "Explosion Back Attack 9.aseprite": {
    "frame": { "x": 96, "y": 128, "w": 96, "h": 64 },
    "rotated": false,
    "trimmed": false,
    "spriteSourceSize": { "x": 0, "y": 0, "w": 96, "h": 64 },
    "sourceSize": { "w": 96, "h": 64 },
    "duration": 60
   },
   "Explosion Back Attack 10.aseprite": {
    "frame": { "x": 192, "y": 128, "w": 96, "h": 64 },
    "rotated": false,
    "trimmed": false,
    "spriteSourceSize": { "x": 0, "y": 0, "w": 96, "h": 64 },
    "sourceSize": { "w": 96, "h": 64 },
    "duration": 60
   },
   "Explosion Back Attack 11.aseprite": {
    "frame": { "x": 288, "y": 128, "w": 96, "h": 64 },
    "rotated": false,
    "trimmed": false,
    "spriteSourceSize": { "x": 0, "y": 0, "w": 96, "h": 64 },
    "sourceSize": { "w": 96, "h": 64 },
    "duration": 75
   },
   "Explosion Back Attack 12.aseprite": {
    "frame": { "x": 0, "y": 192, "w": 96, "h": 64 },
    "rotated": false,
    "trimmed": false,
    "spriteSourceSize": { "x": 0, "y": 0, "w": 96, "h": 64 },
    "sourceSize": { "w": 96, "h": 64 },
    "duration": 75
   }
 },
 "meta": {
  "app": "https://www.aseprite.org/",
  "version": "1.3.13-x64",
  "format": "RGBA8888",
  "size": { "w": 384, "h": 256 },
  "scale": "1",
  "frameTags": [
  ],
  "slices": [
  ]
 }
}
