{ "frames": {
   "First encounter 0.aseprite": {
    "frame": { "x": 0, "y": 0, "w": 66, "h": 84 },
    "rotated": false,
    "trimmed": false,
    "spriteSourceSize": { "x": 0, "y": 0, "w": 66, "h": 84 },
    "sourceSize": { "w": 66, "h": 84 },
    "duration": 150
   },
   "First encounter 1.aseprite": {
    "frame": { "x": 66, "y": 0, "w": 66, "h": 84 },
    "rotated": false,
    "trimmed": false,
    "spriteSourceSize": { "x": 0, "y": 0, "w": 66, "h": 84 },
    "sourceSize": { "w": 66, "h": 84 },
    "duration": 75
   },
   "First encounter 2.aseprite": {
    "frame": { "x": 132, "y": 0, "w": 66, "h": 84 },
    "rotated": false,
    "trimmed": false,
    "spriteSourceSize": { "x": 0, "y": 0, "w": 66, "h": 84 },
    "sourceSize": { "w": 66, "h": 84 },
    "duration": 75
   },
   "First encounter 3.aseprite": {
    "frame": { "x": 198, "y": 0, "w": 66, "h": 84 },
    "rotated": false,
    "trimmed": false,
    "spriteSourceSize": { "x": 0, "y": 0, "w": 66, "h": 84 },
    "sourceSize": { "w": 66, "h": 84 },
    "duration": 75
   },
   "First encounter 4.aseprite": {
    "frame": { "x": 264, "y": 0, "w": 66, "h": 84 },
    "rotated": false,
    "trimmed": false,
    "spriteSourceSize": { "x": 0, "y": 0, "w": 66, "h": 84 },
    "sourceSize": { "w": 66, "h": 84 },
    "duration": 100
   },
   "First encounter 5.aseprite": {
    "frame": { "x": 330, "y": 0, "w": 66, "h": 84 },
    "rotated": false,
    "trimmed": false,
    "spriteSourceSize": { "x": 0, "y": 0, "w": 66, "h": 84 },
    "sourceSize": { "w": 66, "h": 84 },
    "duration": 100
   },
   "First encounter 6.aseprite": {
    "frame": { "x": 396, "y": 0, "w": 66, "h": 84 },
    "rotated": false,
    "trimmed": false,
    "spriteSourceSize": { "x": 0, "y": 0, "w": 66, "h": 84 },
    "sourceSize": { "w": 66, "h": 84 },
    "duration": 100
   },
   "First encounter 7.aseprite": {
    "frame": { "x": 462, "y": 0, "w": 66, "h": 84 },
    "rotated": false,
    "trimmed": false,
    "spriteSourceSize": { "x": 0, "y": 0, "w": 66, "h": 84 },
    "sourceSize": { "w": 66, "h": 84 },
    "duration": 100
   },
   "First encounter 8.aseprite": {
    "frame": { "x": 528, "y": 0, "w": 66, "h": 84 },
    "rotated": false,
    "trimmed": false,
    "spriteSourceSize": { "x": 0, "y": 0, "w": 66, "h": 84 },
    "sourceSize": { "w": 66, "h": 84 },
    "duration": 100
   },
   "First encounter 9.aseprite": {
    "frame": { "x": 594, "y": 0, "w": 66, "h": 84 },
    "rotated": false,
    "trimmed": false,
    "spriteSourceSize": { "x": 0, "y": 0, "w": 66, "h": 84 },
    "sourceSize": { "w": 66, "h": 84 },
    "duration": 100
   },
   "First encounter 10.aseprite": {
    "frame": { "x": 660, "y": 0, "w": 66, "h": 84 },
    "rotated": false,
    "trimmed": false,
    "spriteSourceSize": { "x": 0, "y": 0, "w": 66, "h": 84 },
    "sourceSize": { "w": 66, "h": 84 },
    "duration": 100
   },
   "First encounter 11.aseprite": {
    "frame": { "x": 726, "y": 0, "w": 66, "h": 84 },
    "rotated": false,
    "trimmed": false,
    "spriteSourceSize": { "x": 0, "y": 0, "w": 66, "h": 84 },
    "sourceSize": { "w": 66, "h": 84 },
    "duration": 100
   }
 },
 "meta": {
  "app": "https://www.aseprite.org/",
  "version": "1.3.13-x64",
  "image": "First encounter.png",
  "format": "RGBA8888",
  "size": { "w": 792, "h": 84 },
  "scale": "1",
  "frameTags": [
  ],
  "layers": [
   { "name": "King Slime", "opacity": 255, "blendMode": "normal" },
   { "name": "Crown", "opacity": 255, "blendMode": "normal" },
   { "name": "Filtro", "opacity": 128, "blendMode": "normal" }
  ],
  "slices": [
  ]
 }
}
