{ "frames": {
   "Front Attack 0.aseprite": {
    "frame": { "x": 0, "y": 0, "w": 83, "h": 64 },
    "rotated": false,
    "trimmed": false,
    "spriteSourceSize": { "x": 0, "y": 0, "w": 83, "h": 64 },
    "sourceSize": { "w": 83, "h": 64 },
    "duration": 75
   },
   "Front Attack 1.aseprite": {
    "frame": { "x": 83, "y": 0, "w": 83, "h": 64 },
    "rotated": false,
    "trimmed": false,
    "spriteSourceSize": { "x": 0, "y": 0, "w": 83, "h": 64 },
    "sourceSize": { "w": 83, "h": 64 },
    "duration": 75
   },
   "Front Attack 2.aseprite": {
    "frame": { "x": 166, "y": 0, "w": 83, "h": 64 },
    "rotated": false,
    "trimmed": false,
    "spriteSourceSize": { "x": 0, "y": 0, "w": 83, "h": 64 },
    "sourceSize": { "w": 83, "h": 64 },
    "duration": 75
   },
   "Front Attack 3.aseprite": {
    "frame": { "x": 249, "y": 0, "w": 83, "h": 64 },
    "rotated": false,
    "trimmed": false,
    "spriteSourceSize": { "x": 0, "y": 0, "w": 83, "h": 64 },
    "sourceSize": { "w": 83, "h": 64 },
    "duration": 75
   },
   "Front Attack 4.aseprite": {
    "frame": { "x": 332, "y": 0, "w": 83, "h": 64 },
    "rotated": false,
    "trimmed": false,
    "spriteSourceSize": { "x": 0, "y": 0, "w": 83, "h": 64 },
    "sourceSize": { "w": 83, "h": 64 },
    "duration": 50
   },
   "Front Attack 5.aseprite": {
    "frame": { "x": 415, "y": 0, "w": 83, "h": 64 },
    "rotated": false,
    "trimmed": false,
    "spriteSourceSize": { "x": 0, "y": 0, "w": 83, "h": 64 },
    "sourceSize": { "w": 83, "h": 64 },
    "duration": 150
   },
   "Front Attack 6.aseprite": {
    "frame": { "x": 498, "y": 0, "w": 83, "h": 64 },
    "rotated": false,
    "trimmed": false,
    "spriteSourceSize": { "x": 0, "y": 0, "w": 83, "h": 64 },
    "sourceSize": { "w": 83, "h": 64 },
    "duration": 75
   },
   "Front Attack 7.aseprite": {
    "frame": { "x": 581, "y": 0, "w": 83, "h": 64 },
    "rotated": false,
    "trimmed": false,
    "spriteSourceSize": { "x": 0, "y": 0, "w": 83, "h": 64 },
    "sourceSize": { "w": 83, "h": 64 },
    "duration": 75
   },
   "Front Attack 8.aseprite": {
    "frame": { "x": 664, "y": 0, "w": 83, "h": 64 },
    "rotated": false,
    "trimmed": false,
    "spriteSourceSize": { "x": 0, "y": 0, "w": 83, "h": 64 },
    "sourceSize": { "w": 83, "h": 64 },
    "duration": 75
   }
 },
 "meta": {
  "app": "https://www.aseprite.org/",
  "version": "1.3.13-x64",
  "image": "Front Attack.png",
  "format": "RGBA8888",
  "size": { "w": 747, "h": 64 },
  "scale": "1",
  "frameTags": [
  ],
  "layers": [
   { "name": "King Slime", "opacity": 255, "blendMode": "normal" },
   { "name": "Crown", "opacity": 255, "blendMode": "normal" },
   { "name": "Filtro", "opacity": 128, "blendMode": "normal" }
  ],
  "slices": [
  ]
 }
}
