{ "frames": {
   "Laser Attack 0.aseprite": {
    "frame": { "x": 0, "y": 0, "w": 180, "h": 64 },
    "rotated": false,
    "trimmed": false,
    "spriteSourceSize": { "x": 0, "y": 0, "w": 180, "h": 64 },
    "sourceSize": { "w": 180, "h": 64 },
    "duration": 75
   },
   "Laser Attack 1.aseprite": {
    "frame": { "x": 180, "y": 0, "w": 180, "h": 64 },
    "rotated": false,
    "trimmed": false,
    "spriteSourceSize": { "x": 0, "y": 0, "w": 180, "h": 64 },
    "sourceSize": { "w": 180, "h": 64 },
    "duration": 75
   },
   "Laser Attack 2.aseprite": {
    "frame": { "x": 360, "y": 0, "w": 180, "h": 64 },
    "rotated": false,
    "trimmed": false,
    "spriteSourceSize": { "x": 0, "y": 0, "w": 180, "h": 64 },
    "sourceSize": { "w": 180, "h": 64 },
    "duration": 75
   },
   "Laser Attack 3.aseprite": {
    "frame": { "x": 540, "y": 0, "w": 180, "h": 64 },
    "rotated": false,
    "trimmed": false,
    "spriteSourceSize": { "x": 0, "y": 0, "w": 180, "h": 64 },
    "sourceSize": { "w": 180, "h": 64 },
    "duration": 75
   },
   "Laser Attack 4.aseprite": {
    "frame": { "x": 720, "y": 0, "w": 180, "h": 64 },
    "rotated": false,
    "trimmed": false,
    "spriteSourceSize": { "x": 0, "y": 0, "w": 180, "h": 64 },
    "sourceSize": { "w": 180, "h": 64 },
    "duration": 100
   },
   "Laser Attack 5.aseprite": {
    "frame": { "x": 900, "y": 0, "w": 180, "h": 64 },
    "rotated": false,
    "trimmed": false,
    "spriteSourceSize": { "x": 0, "y": 0, "w": 180, "h": 64 },
    "sourceSize": { "w": 180, "h": 64 },
    "duration": 40
   },
   "Laser Attack 6.aseprite": {
    "frame": { "x": 0, "y": 64, "w": 180, "h": 64 },
    "rotated": false,
    "trimmed": false,
    "spriteSourceSize": { "x": 0, "y": 0, "w": 180, "h": 64 },
    "sourceSize": { "w": 180, "h": 64 },
    "duration": 40
   },
   "Laser Attack 7.aseprite": {
    "frame": { "x": 180, "y": 64, "w": 180, "h": 64 },
    "rotated": false,
    "trimmed": false,
    "spriteSourceSize": { "x": 0, "y": 0, "w": 180, "h": 64 },
    "sourceSize": { "w": 180, "h": 64 },
    "duration": 40
   },
   "Laser Attack 8.aseprite": {
    "frame": { "x": 360, "y": 64, "w": 180, "h": 64 },
    "rotated": false,
    "trimmed": false,
    "spriteSourceSize": { "x": 0, "y": 0, "w": 180, "h": 64 },
    "sourceSize": { "w": 180, "h": 64 },
    "duration": 40
   },
   "Laser Attack 9.aseprite": {
    "frame": { "x": 540, "y": 64, "w": 180, "h": 64 },
    "rotated": false,
    "trimmed": false,
    "spriteSourceSize": { "x": 0, "y": 0, "w": 180, "h": 64 },
    "sourceSize": { "w": 180, "h": 64 },
    "duration": 75
   },
   "Laser Attack 10.aseprite": {
    "frame": { "x": 720, "y": 64, "w": 180, "h": 64 },
    "rotated": false,
    "trimmed": false,
    "spriteSourceSize": { "x": 0, "y": 0, "w": 180, "h": 64 },
    "sourceSize": { "w": 180, "h": 64 },
    "duration": 75
   },
   "Laser Attack 11.aseprite": {
    "frame": { "x": 900, "y": 64, "w": 180, "h": 64 },
    "rotated": false,
    "trimmed": false,
    "spriteSourceSize": { "x": 0, "y": 0, "w": 180, "h": 64 },
    "sourceSize": { "w": 180, "h": 64 },
    "duration": 75
   },
   "Laser Attack 12.aseprite": {
    "frame": { "x": 0, "y": 128, "w": 180, "h": 64 },
    "rotated": false,
    "trimmed": false,
    "spriteSourceSize": { "x": 0, "y": 0, "w": 180, "h": 64 },
    "sourceSize": { "w": 180, "h": 64 },
    "duration": 75
   },
   "Laser Attack 13.aseprite": {
    "frame": { "x": 180, "y": 128, "w": 180, "h": 64 },
    "rotated": false,
    "trimmed": false,
    "spriteSourceSize": { "x": 0, "y": 0, "w": 180, "h": 64 },
    "sourceSize": { "w": 180, "h": 64 },
    "duration": 75
   },
   "Laser Attack 14.aseprite": {
    "frame": { "x": 360, "y": 128, "w": 180, "h": 64 },
    "rotated": false,
    "trimmed": false,
    "spriteSourceSize": { "x": 0, "y": 0, "w": 180, "h": 64 },
    "sourceSize": { "w": 180, "h": 64 },
    "duration": 75
   },
   "Laser Attack 15.aseprite": {
    "frame": { "x": 540, "y": 128, "w": 180, "h": 64 },
    "rotated": false,
    "trimmed": false,
    "spriteSourceSize": { "x": 0, "y": 0, "w": 180, "h": 64 },
    "sourceSize": { "w": 180, "h": 64 },
    "duration": 75
   },
   "Laser Attack 16.aseprite": {
    "frame": { "x": 720, "y": 128, "w": 180, "h": 64 },
    "rotated": false,
    "trimmed": false,
    "spriteSourceSize": { "x": 0, "y": 0, "w": 180, "h": 64 },
    "sourceSize": { "w": 180, "h": 64 },
    "duration": 75
   },
   "Laser Attack 17.aseprite": {
    "frame": { "x": 900, "y": 128, "w": 180, "h": 64 },
    "rotated": false,
    "trimmed": false,
    "spriteSourceSize": { "x": 0, "y": 0, "w": 180, "h": 64 },
    "sourceSize": { "w": 180, "h": 64 },
    "duration": 40
   },
   "Laser Attack 18.aseprite": {
    "frame": { "x": 0, "y": 192, "w": 180, "h": 64 },
    "rotated": false,
    "trimmed": false,
    "spriteSourceSize": { "x": 0, "y": 0, "w": 180, "h": 64 },
    "sourceSize": { "w": 180, "h": 64 },
    "duration": 40
   },
   "Laser Attack 19.aseprite": {
    "frame": { "x": 180, "y": 192, "w": 180, "h": 64 },
    "rotated": false,
    "trimmed": false,
    "spriteSourceSize": { "x": 0, "y": 0, "w": 180, "h": 64 },
    "sourceSize": { "w": 180, "h": 64 },
    "duration": 40
   },
   "Laser Attack 20.aseprite": {
    "frame": { "x": 360, "y": 192, "w": 180, "h": 64 },
    "rotated": false,
    "trimmed": false,
    "spriteSourceSize": { "x": 0, "y": 0, "w": 180, "h": 64 },
    "sourceSize": { "w": 180, "h": 64 },
    "duration": 40
   },
   "Laser Attack 21.aseprite": {
    "frame": { "x": 540, "y": 192, "w": 180, "h": 64 },
    "rotated": false,
    "trimmed": false,
    "spriteSourceSize": { "x": 0, "y": 0, "w": 180, "h": 64 },
    "sourceSize": { "w": 180, "h": 64 },
    "duration": 40
   },
   "Laser Attack 22.aseprite": {
    "frame": { "x": 720, "y": 192, "w": 180, "h": 64 },
    "rotated": false,
    "trimmed": false,
    "spriteSourceSize": { "x": 0, "y": 0, "w": 180, "h": 64 },
    "sourceSize": { "w": 180, "h": 64 },
    "duration": 40
   },
   "Laser Attack 23.aseprite": {
    "frame": { "x": 900, "y": 192, "w": 180, "h": 64 },
    "rotated": false,
    "trimmed": false,
    "spriteSourceSize": { "x": 0, "y": 0, "w": 180, "h": 64 },
    "sourceSize": { "w": 180, "h": 64 },
    "duration": 40
   },
   "Laser Attack 24.aseprite": {
    "frame": { "x": 0, "y": 256, "w": 180, "h": 64 },
    "rotated": false,
    "trimmed": false,
    "spriteSourceSize": { "x": 0, "y": 0, "w": 180, "h": 64 },
    "sourceSize": { "w": 180, "h": 64 },
    "duration": 100
   },
   "Laser Attack 25.aseprite": {
    "frame": { "x": 180, "y": 256, "w": 180, "h": 64 },
    "rotated": false,
    "trimmed": false,
    "spriteSourceSize": { "x": 0, "y": 0, "w": 180, "h": 64 },
    "sourceSize": { "w": 180, "h": 64 },
    "duration": 75
   },
   "Laser Attack 26.aseprite": {
    "frame": { "x": 360, "y": 256, "w": 180, "h": 64 },
    "rotated": false,
    "trimmed": false,
    "spriteSourceSize": { "x": 0, "y": 0, "w": 180, "h": 64 },
    "sourceSize": { "w": 180, "h": 64 },
    "duration": 75
   },
   "Laser Attack 27.aseprite": {
    "frame": { "x": 540, "y": 256, "w": 180, "h": 64 },
    "rotated": false,
    "trimmed": false,
    "spriteSourceSize": { "x": 0, "y": 0, "w": 180, "h": 64 },
    "sourceSize": { "w": 180, "h": 64 },
    "duration": 75
   }
 },
 "meta": {
  "app": "https://www.aseprite.org/",
  "version": "1.3.13-x64",
  "image": "Laser Attack.png",
  "format": "RGBA8888",
  "size": { "w": 1080, "h": 320 },
  "scale": "1",
  "frameTags": [
   { "name": "Laser", "from": 9, "to": 16, "direction": "forward", "repeat": "2", "color": "#000000ff" }
  ],
  "layers": [
   { "name": "King Slime", "opacity": 255, "blendMode": "normal" },
   { "name": "Crown", "opacity": 255, "blendMode": "normal" },
   { "name": "Luce laser", "opacity": 189, "blendMode": "normal" },
   { "name": "Laser", "opacity": 255, "blendMode": "normal" },
   { "name": "Filtro", "opacity": 128, "blendMode": "normal" }
  ],
  "slices": [
  ]
 }
}
