{ "frames": {
   "Spine Attack 0.aseprite": {
    "frame": { "x": 0, "y": 0, "w": 118, "h": 73 },
    "rotated": false,
    "trimmed": false,
    "spriteSourceSize": { "x": 0, "y": 0, "w": 118, "h": 73 },
    "sourceSize": { "w": 118, "h": 73 },
    "duration": 100
   },
   "Spine Attack 1.aseprite": {
    "frame": { "x": 118, "y": 0, "w": 118, "h": 73 },
    "rotated": false,
    "trimmed": false,
    "spriteSourceSize": { "x": 0, "y": 0, "w": 118, "h": 73 },
    "sourceSize": { "w": 118, "h": 73 },
    "duration": 100
   },
   "Spine Attack 2.aseprite": {
    "frame": { "x": 236, "y": 0, "w": 118, "h": 73 },
    "rotated": false,
    "trimmed": false,
    "spriteSourceSize": { "x": 0, "y": 0, "w": 118, "h": 73 },
    "sourceSize": { "w": 118, "h": 73 },
    "duration": 100
   },
   "Spine Attack 3.aseprite": {
    "frame": { "x": 354, "y": 0, "w": 118, "h": 73 },
    "rotated": false,
    "trimmed": false,
    "spriteSourceSize": { "x": 0, "y": 0, "w": 118, "h": 73 },
    "sourceSize": { "w": 118, "h": 73 },
    "duration": 100
   },
   "Spine Attack 4.aseprite": {
    "frame": { "x": 472, "y": 0, "w": 118, "h": 73 },
    "rotated": false,
    "trimmed": false,
    "spriteSourceSize": { "x": 0, "y": 0, "w": 118, "h": 73 },
    "sourceSize": { "w": 118, "h": 73 },
    "duration": 100
   },
   "Spine Attack 5.aseprite": {
    "frame": { "x": 590, "y": 0, "w": 118, "h": 73 },
    "rotated": false,
    "trimmed": false,
    "spriteSourceSize": { "x": 0, "y": 0, "w": 118, "h": 73 },
    "sourceSize": { "w": 118, "h": 73 },
    "duration": 25
   },
   "Spine Attack 6.aseprite": {
    "frame": { "x": 708, "y": 0, "w": 118, "h": 73 },
    "rotated": false,
    "trimmed": false,
    "spriteSourceSize": { "x": 0, "y": 0, "w": 118, "h": 73 },
    "sourceSize": { "w": 118, "h": 73 },
    "duration": 200
   },
   "Spine Attack 7.aseprite": {
    "frame": { "x": 826, "y": 0, "w": 118, "h": 73 },
    "rotated": false,
    "trimmed": false,
    "spriteSourceSize": { "x": 0, "y": 0, "w": 118, "h": 73 },
    "sourceSize": { "w": 118, "h": 73 },
    "duration": 75
   },
   "Spine Attack 8.aseprite": {
    "frame": { "x": 944, "y": 0, "w": 118, "h": 73 },
    "rotated": false,
    "trimmed": false,
    "spriteSourceSize": { "x": 0, "y": 0, "w": 118, "h": 73 },
    "sourceSize": { "w": 118, "h": 73 },
    "duration": 75
   },
   "Spine Attack 9.aseprite": {
    "frame": { "x": 1062, "y": 0, "w": 118, "h": 73 },
    "rotated": false,
    "trimmed": false,
    "spriteSourceSize": { "x": 0, "y": 0, "w": 118, "h": 73 },
    "sourceSize": { "w": 118, "h": 73 },
    "duration": 75
   }
 },
 "meta": {
  "app": "https://www.aseprite.org/",
  "version": "1.3.13-x64",
  "image": "Spine Attack.png",
  "format": "RGBA8888",
  "size": { "w": 1180, "h": 73 },
  "scale": "1",
  "frameTags": [
  ],
  "layers": [
   { "name": "King Slime", "opacity": 255, "blendMode": "normal" },
   { "name": "Crown", "opacity": 255, "blendMode": "normal" },
   { "name": "Filtro", "opacity": 128, "blendMode": "normal" }
  ],
  "slices": [
  ]
 }
}
