{ "frames": {
   "Walk 0.aseprite": {
    "frame": { "x": 0, "y": 0, "w": 91, "h": 89 },
    "rotated": false,
    "trimmed": false,
    "spriteSourceSize": { "x": 0, "y": 0, "w": 91, "h": 89 },
    "sourceSize": { "w": 91, "h": 89 },
    "duration": 125
   },
   "Walk 1.aseprite": {
    "frame": { "x": 91, "y": 0, "w": 91, "h": 89 },
    "rotated": false,
    "trimmed": false,
    "spriteSourceSize": { "x": 0, "y": 0, "w": 91, "h": 89 },
    "sourceSize": { "w": 91, "h": 89 },
    "duration": 125
   },
   "Walk 2.aseprite": {
    "frame": { "x": 182, "y": 0, "w": 91, "h": 89 },
    "rotated": false,
    "trimmed": false,
    "spriteSourceSize": { "x": 0, "y": 0, "w": 91, "h": 89 },
    "sourceSize": { "w": 91, "h": 89 },
    "duration": 125
   },
   "Walk 3.aseprite": {
    "frame": { "x": 273, "y": 0, "w": 91, "h": 89 },
    "rotated": false,
    "trimmed": false,
    "spriteSourceSize": { "x": 0, "y": 0, "w": 91, "h": 89 },
    "sourceSize": { "w": 91, "h": 89 },
    "duration": 175
   },
   "Walk 4.aseprite": {
    "frame": { "x": 364, "y": 0, "w": 91, "h": 89 },
    "rotated": false,
    "trimmed": false,
    "spriteSourceSize": { "x": 0, "y": 0, "w": 91, "h": 89 },
    "sourceSize": { "w": 91, "h": 89 },
    "duration": 125
   },
   "Walk 5.aseprite": {
    "frame": { "x": 455, "y": 0, "w": 91, "h": 89 },
    "rotated": false,
    "trimmed": false,
    "spriteSourceSize": { "x": 0, "y": 0, "w": 91, "h": 89 },
    "sourceSize": { "w": 91, "h": 89 },
    "duration": 125
   }
 },
 "meta": {
  "app": "https://www.aseprite.org/",
  "version": "1.3.13-x64",
  "image": "Walk.png",
  "format": "RGBA8888",
  "size": { "w": 546, "h": 89 },
  "scale": "1",
  "frameTags": [
  ],
  "layers": [
   { "name": "King Slime", "opacity": 255, "blendMode": "normal" },
   { "name": "Crown", "opacity": 255, "blendMode": "normal" },
   { "name": "Filtro", "opacity": 128, "blendMode": "normal" }
  ],
  "slices": [
  ]
 }
}
